carpeta,metodo,exactitud_global,ok_numero,ok_cufe,ok_fecha,ok_nit_prov,ok_nombre_prov,ok_nit_cli,ok_total,ok_subtotal,ok_num_items,ok_num_impuestos,tiempo_seg,tokens_entrada,tokens_salida,error,procesado_en
08000302720000002837,xml,1.0000,1,1,1,1,1,1,1,1,1,1,0.001,0,0,,2026-06-01T21:12:48.648626Z
08000302720000002837,pdf_markdown,0.9000,1,1,1,1,0,1,1,1,1,1,1.690,1384,498,,2026-06-01T21:12:51.005134Z
1184010e-224f-4285-b795-c791b649a7ec,xml,1.0000,1,1,1,1,1,1,1,1,1,1,0.001,0,0,,2026-06-01T21:12:51.006239Z
1184010e-224f-4285-b795-c791b649a7ec,pdf_markdown,0.7000,0,1,1,1,0,1,0,1,1,1,1.524,1386,479,,2026-06-01T21:12:55.453717Z
6069359478 (1),xml,1.0000,1,1,1,1,1,1,1,1,1,1,0.001,0,0,,2026-06-01T21:12:55.454816Z
6069359478 (1),pdf_markdown,0.9000,1,1,1,1,1,1,1,0,1,1,2.106,3222,582,,2026-06-01T21:15:00.914449Z
6069359478 (2),xml,1.0000,1,1,1,1,1,1,1,1,1,1,0.001,0,0,,2026-06-01T21:15:00.915803Z
6069359478 (2),pdf_markdown,0.8000,1,1,1,1,1,1,1,0,0,1,2.094,3243,662,,2026-06-01T21:16:57.015728Z
860007322_TV4310060824,xml,1.0000,1,1,1,1,1,1,1,1,1,1,0.001,0,0,,2026-06-01T21:16:57.016800Z
860007322_TV4310060824,pdf_markdown,0.7000,0,1,1,1,1,1,1,0,1,0,2.172,2057,481,,2026-06-01T21:17:01.473508Z
901565571_MT100641,xml,1.0000,1,1,1,1,1,1,1,1,1,1,0.001,0,0,,2026-06-01T21:17:01.474377Z
901565571_MT100641,pdf_markdown,0.8000,1,1,1,1,1,1,0,0,1,1,14.988,1289,503,,2026-06-01T21:17:18.957836Z
ad08002296630062500012C53,xml,1.0000,1,1,1,1,1,1,1,1,1,1,0.001,0,0,,2026-06-01T21:17:18.958899Z
ad08002296630062500012C53,pdf_markdown,0.7000,0,1,1,1,1,0,1,1,1,0,16.415,1767,496,,2026-06-01T21:17:37.700394Z
ad08002296630062500029063,xml,1.0000,1,1,1,1,1,1,1,1,1,1,0.001,0,0,,2026-06-01T21:17:37.701391Z
ad08002296630062500029063,pdf_markdown,0.7000,0,1,1,1,1,0,1,1,1,0,24.025,1760,488,,2026-06-01T21:18:04.065790Z
ad083003794600626001901CE,xml,1.0000,1,1,1,1,1,1,1,1,1,1,0.001,0,0,,2026-06-01T21:18:04.066850Z
ad083003794600626001901CE,pdf_markdown,0.7000,0,1,1,0,0,1,1,1,1,1,14.385,1317,493,,2026-06-01T21:18:21.169424Z
ad086000218002726883020260320151134309,xml,1.0000,1,1,1,1,1,1,1,1,1,1,0.001,0,0,,2026-06-01T21:18:21.170469Z
ad086000218002726883020260320151134309,pdf_markdown,0.7000,1,1,1,0,0,0,1,1,1,1,15.066,1399,551,,2026-06-01T21:18:38.695471Z
compressed_20250821213235,xml,1.0000,1,1,1,1,1,1,1,1,1,1,0.001,0,0,,2026-06-01T21:18:38.696467Z
compressed_20250821213235,pdf_markdown,0.9000,1,1,1,1,1,0,1,1,1,1,40.891,3450,502,,2026-06-01T21:19:22.416626Z
compressed_20251122195031,xml,1.0000,1,1,1,1,1,1,1,1,1,1,0.001,0,0,,2026-06-01T21:19:22.417602Z
compressed_20251122195031,pdf_markdown,0.9000,1,1,1,1,1,0,1,1,1,1,33.570,3444,508,,2026-06-01T21:19:58.803121Z
z08000982700112400012941,xml,1.0000,1,1,1,1,1,1,1,1,1,1,0.001,0,0,,2026-06-01T21:19:58.804075Z
z08000982700112400012941,pdf_markdown,0.5000,1,1,1,0,0,0,1,0,1,0,17.242,1365,489,,2026-06-01T21:20:18.957290Z
z08000982700112400012941 (2),xml,1.0000,1,1,1,1,1,1,1,1,1,1,0.001,0,0,,2026-06-01T21:20:18.958272Z
z08000982700112400012941 (2),pdf_markdown,0.5000,1,1,1,0,0,0,1,0,1,0,15.793,1365,489,,2026-06-01T21:20:37.656659Z
z08000982700112400013106,xml,1.0000,1,1,1,1,1,1,1,1,1,1,0.001,0,0,,2026-06-01T21:20:37.657592Z
z08000982700112400013106,pdf_markdown,0.5000,1,1,1,0,0,0,1,0,1,0,14.087,1364,475,,2026-06-01T21:20:54.668530Z
z08909165750152500031100,xml,1.0000,1,1,1,1,1,1,1,1,1,1,0.001,0,0,,2026-06-01T21:20:54.669670Z
z08909165750152500031100,pdf_markdown,0.7000,0,1,1,1,1,1,1,0,1,0,48.974,4507,667,,2026-06-01T21:21:46.563147Z
z09000533700042551e4e01e,xml,1.0000,1,1,1,1,1,1,1,1,1,1,0.001,0,0,,2026-06-01T21:21:46.564170Z
z09000533700042551e4e01e,pdf_markdown,0.8000,0,1,1,1,1,0,1,1,1,1,18.633,1515,518,,2026-06-01T21:22:07.998060Z
z09007580520082500000007 (1),xml,1.0000,1,1,1,1,1,1,1,1,1,1,0.001,0,0,,2026-06-01T21:22:07.999048Z
z09007580520082500000007 (1),pdf_markdown,0.6000,0,1,1,1,1,0,0,1,1,0,16.742,1538,661,,2026-06-01T21:22:27.623866Z
z0900817173008250000085a,xml,1.0000,1,1,1,1,1,1,1,1,1,1,0.001,0,0,,2026-06-01T21:22:27.624856Z
z0900817173008250000085a,pdf_markdown,0.7000,1,1,1,1,1,0,0,1,1,0,14.517,1716,601,,2026-06-01T21:22:44.996264Z
z09008171730082500003c00,xml,1.0000,1,1,1,1,1,1,1,1,1,1,0.001,0,0,,2026-06-01T21:22:44.997290Z
z09008171730082500003c00,pdf_markdown,0.7000,1,1,1,1,1,0,0,1,1,0,22.892,1681,601,,2026-06-01T21:23:10.741104Z
